0,1,2,3,4,5,6,7,8,9,10,11,12,13,14,15,16,17,
0,S,i8,,,1,0,0,1,0,0,0,0,0,0,0,0,0,""
1,S,enum,,,4,0,0,4,0,0,0,0,0,0,0,0,0,""
2,S,unsigned long long int,,,26,0,0,8,0,0,0,0,0,0,0,0,0,""
3,S,int,,,5,0,0,4,0,0,0,0,0,0,0,0,0,""
4,S,unsigned char,,,0,0,0,1,0,0,0,0,0,0,0,0,0,""
5,S,float,,,7,0,0,4,0,0,0,0,0,0,0,0,0,""
6,S,u64,,,26,0,0,8,0,0,0,0,0,0,0,0,0,""
7,S,char,,,0,0,0,1,0,0,0,0,0,0,0,0,0,""
8,S,void,,,5,0,0,4,0,0,0,0,0,0,0,0,0,""
9,S,size_t,,,4,0,0,4,0,0,0,0,0,0,0,0,0,""
10,S,long int,,,4,0,0,4,0,0,0,0,0,0,0,0,0,""
11,S,unsigned short int,,,2,0,0,2,0,0,0,0,0,0,0,0,0,""
12,S,unsigned int,,,2,0,0,2,0,0,0,0,0,0,0,0,0,""
13,S,i64,,,27,0,0,8,0,0,0,0,0,0,0,0,0,""
14,S,short int,,,3,0,0,2,0,0,0,0,0,0,0,0,0,""
15,S,u8,,,0,0,0,1,0,0,0,0,0,0,0,0,0,""
16,S,unsigned long int,,,4,0,0,4,0,0,0,0,0,0,0,0,0,""
17,S,double,,,9,0,0,8,0,0,0,0,0,0,0,0,0,""
18,S,i16,,,3,0,0,2,0,0,0,0,0,0,0,0,0,""
19,S,i32,,,5,0,0,4,0,0,0,0,0,0,0,0,0,""
20,S,bool,,,10,0,0,1,0,0,0,0,0,0,0,0,0,""
21,S,u32,,,4,0,0,4,0,0,0,0,0,0,0,0,0,""
22,S,signed char,,,1,0,0,1,0,0,0,0,0,0,0,0,0,""
23,S,long long int,,,27,0,0,8,0,0,0,0,0,0,0,0,0,""
24,S,u16,,,2,0,0,2,0,0,0,0,0,0,0,0,0,""
25,S,TMessageId,,,4,0,0,4,0,0,0,0,0,0,0,0,0,""
26,S,TBoard,,,0,0,0,1,0,0,0,0,0,0,0,0,0,""
27,S,TCpu,,,0,0,0,1,0,0,0,0,0,0,0,0,0,""
28,S,TTask,,,2,0,0,2,0,0,0,0,0,0,0,0,0,""
29,S,SMessageAddress,,,17,0,0,4,0,3,3,0,0,0,1,0,0,""
33,S,TMsgLength,,,2,0,0,2,0,0,0,0,0,0,0,0,0,""
34,S,SHeaderFlags,,,17,0,0,2,0,2,2,0,0,0,1,0,0,""
37,S,SMessageHeader,,,17,0,0,16,0,5,5,0,0,0,1,0,0,""
46,S,TTransactionID,,,4,0,0,4,0,0,0,0,0,0,0,0,0,""
47,S,EInetRouteOperation,,,4,1,0,4,3,7,0,0,0,0,1,0,0,""
55,S,TIpv4AddressStr,,,14,0,0,16,0,16,0,0,0,0,1,0,0,""
57,S,TIfName,,,14,0,0,32,0,32,0,0,0,0,1,0,0,""
69,S,TCellId,,,4,0,0,4,0,0,0,0,0,0,0,0,0,""
70,S,TFrameNumber,,,4,0,0,4,0,0,0,0,0,0,0,0,0,""
71,S,TSubFrameNumber,,,4,0,0,4,0,0,0,0,0,0,0,0,0,""
72,S,TTxPower,,,5,0,0,4,0,0,0,0,0,0,0,0,0,""
73,S,TTbSize,,,4,0,0,4,0,0,0,0,0,0,0,0,0,""
86,S,EStatusLte,,,4,1,0,4,2,4,0,0,0,0,1,0,0,""
91,S,ECauseLte,,,4,1,0,4,10,50,0,0,0,0,1,0,0,""
142,S,ESpecificCauseLte,,,4,1,0,4,14,226,0,0,0,0,1,0,0,""
148,C,ESpecificCauseLte,ESpecificCauseLte_ENBSON_InsufficientSpectrumFromSAS,,4,7,0,0,0,9103,5,0,0,1,0,0,0,""
221,C,ESpecificCauseLte,ESpecificCauseLte_RROM_PHYStartRefSyncS,,4,7,0,0,0,5220,78,0,0,1,0,0,0,""
369,S,SMessageResult,,,17,0,0,12,0,3,3,0,0,0,1,0,0,""
377,S,EStatus,,,4,1,0,4,16,46,0,0,0,0,1,0,0,""
427,S,TNumberOfItems,,,4,0,0,4,0,0,0,0,0,0,0,0,0,""
428,S,TPoolId,,,4,0,0,4,0,0,0,0,0,0,0,0,0,""
434,S,ESumServiceType,,,4,1,0,4,2,3,0,0,0,0,1,0,0,""
438,S,TDataCount,,,4,0,0,4,0,0,0,0,0,0,0,0,0,""
439,S,TDynamicData,,,4,0,0,4,0,0,0,0,0,0,0,0,0,""
446,S,TOaMEutraCelId,,,4,0,0,4,0,0,0,0,0,0,0,0,0,""
447,S,TMncLength,,,4,0,0,4,0,0,0,0,0,0,0,0,0,""
448,S,TMnc,,,4,0,0,4,0,0,0,0,0,0,0,0,0,""
449,S,TMcc,,,4,0,0,4,0,0,0,0,0,0,0,0,0,""
450,S,SPlmnId,,,17,0,0,12,0,3,3,0,0,0,1,0,0,""
454,S,SAdjECGI,,,17,0,0,16,0,2,2,0,0,0,1,0,0,""
457,S,TBoolean,,,4,0,0,4,0,0,0,0,0,0,0,0,0,""
458,S,EOaMCellIndOffNeigh,,,4,1,0,4,5,31,0,0,0,0,1,0,0,""
490,S,TOaMCellIndOffNeighDelta,,,5,0,0,4,0,0,0,0,0,0,0,0,0,""
491,S,SUecNeighbourCellHoCounting,,,17,0,0,32,0,6,6,0,0,0,1,0,0,""
504,S,TAaSysComSicad,,,4,0,0,4,0,0,0,0,0,0,0,0,0,""
505,S,EDiscUWmpDcmCaParamsContainer,,,4,1,0,4,1,2,0,0,0,0,1,0,0,""
508,S,EAddressName,,,4,1,0,4,6,38,0,0,0,0,1,0,0,""
547,S,SAddressInfo,,,17,0,0,8,0,2,2,0,0,0,1,0,0,""
550,S,SConfigurableUsageAddresses,,,17,0,0,196,0,2,3,0,0,0,1,0,0,""
554,S,SMacPsMacPsAddresses,,,17,0,0,108,0,12,13,0,0,0,1,0,0,""
568,S,SMacPsL2Addresses,,,17,0,0,584,0,11,20,0,0,0,1,0,0,""
589,S,SWmpCellInfoContainer,,,17,0,0,1092,0,6,6,0,0,0,1,0,0,""
596,S,TThSCellCqiState,,,2,0,0,2,0,0,0,0,0,0,0,0,0,""
597,S,TThPduSizePaddingTA,,,2,0,0,2,0,0,0,0,0,0,0,0,0,""
598,S,EThSCellActivationDl1,,,4,1,0,4,5,32,0,0,0,0,1,0,0,""
631,S,EThSCellActivationDl2,,,4,1,0,4,5,24,0,0,0,0,1,0,0,""
656,S,EThSCellActivationUl1,,,4,1,0,4,5,32,0,0,0,0,1,0,0,""
689,S,EThSCellActivationUl2,,,4,1,0,4,5,24,0,0,0,0,1,0,0,""
714,S,ETimerProhibitActivationCommand,,,4,1,0,4,5,23,0,0,0,0,1,0,0,""
738,S,ETimerSCellCqiCheck,,,4,1,0,4,31,14,0,0,0,0,1,0,0,""
753,S,EFDEstimationUsageDcm,,,4,1,0,4,2,3,0,0,0,0,1,0,0,""
757,S,ECarrierBandwidth,,,4,1,0,4,13,11,0,0,0,0,1,0,0,""
769,S,ESCellType,,,4,1,0,4,1,2,0,0,0,0,1,0,0,""
772,S,TCqiDefaultDlDcm,,,2,0,0,2,0,0,0,0,0,0,0,0,0,""
773,S,TBooleanDcm,,,2,0,0,2,0,0,0,0,0,0,0,0,0,""
774,S,SFlagSCellSchedulingUlTable,,,17,0,0,16,0,1,2,0,0,0,1,0,0,""
777,S,SFlagSCellSchedulingDlTable,,,17,0,0,4,0,1,2,0,0,0,1,0,0,""
780,S,TTddFrameConf,,,4,0,0,4,0,0,0,0,0,0,0,0,0,""
781,S,TOaMTddSpecSubfConf,,,4,0,0,4,0,0,0,0,0,0,0,0,0,""
782,S,SFrameConfTdd,,,17,0,0,8,0,2,2,0,0,0,1,0,0,""
785,S,TFrequencyU16,,,2,0,0,2,0,0,0,0,0,0,0,0,0,""
786,S,SDcmCellPoolContainer,,,17,0,0,1800,0,22,25,0,0,0,1,0,0,""
812,S,UInnerUWmpDcmCaParamsContainer,,,18,0,0,1800,0,2,2,0,0,0,1,0,0,""
815,S,UWmpDcmCaParamsContainer,,,17,0,0,1804,0,2,2,0,0,0,1,0,0,""
818,S,SPuschReceiverAddressPoolInfo,,,17,0,0,8,0,2,2,0,0,0,1,0,0,""
821,S,SFNUlPhyAddress,,,17,0,0,12,0,3,3,0,0,0,1,0,0,""
840,S,TAaLteBtsHyperFrameNr,,,4,0,0,4,0,0,0,0,0,0,0,0,0,""
847,S,TAaLteBtsFrameNr,,,4,0,0,4,0,0,0,0,0,0,0,0,0,""
856,S,TTraceHandle,,,4,0,0,4,0,0,0,0,0,0,0,0,0,""
857,S,TTraceSessionProtocol,,,4,0,0,4,0,0,0,0,0,0,0,0,0,""
858,S,STracingCtrlStopSubscriberReqSession,,,17,0,0,16,0,3,4,0,0,0,1,0,0,""
879,S,TOaMLncelEnbId,,,4,0,0,4,0,0,0,0,0,0,0,0,0,""
887,S,TL3LinkId,,,4,0,0,4,0,0,0,0,0,0,0,0,0,""
888,S,TOaMLnMmeId,,,4,0,0,4,0,0,0,0,0,0,0,0,0,""
889,S,TRelativeMMECapacity,,,0,0,0,1,0,0,0,0,0,0,0,0,0,""
890,S,STransportLayerAddress,,,17,0,0,24,0,2,3,0,0,0,1,0,0,""
894,S,TMmeGroupId,,,2,0,0,2,0,0,0,0,0,0,0,0,0,""
895,S,SGUGroupID,,,17,0,0,16,0,3,3,0,0,0,1,0,0,""
920,S,TOaMLnCelId,,,4,0,0,4,0,0,0,0,0,0,0,0,0,""
921,S,TCrnti,,,4,0,0,4,0,0,0,0,0,0,0,0,0,""
922,S,TUeIndex,,,2,0,0,2,0,0,0,0,0,0,0,0,0,""
923,S,SUeCandidateData,,,17,0,0,8,0,3,3,0,0,0,1,0,0,""
941,S,ERp3Bandwidth,,,4,1,0,4,3,7,0,0,0,0,1,0,0,""
949,S,ERp3AntEnable,,,4,1,0,4,2,3,0,0,0,0,1,0,0,""
953,S,ERp3TxEnable,,,4,1,0,4,2,3,0,0,0,0,1,0,0,""
957,S,ERp3AntSource,,,4,1,0,4,5,19,0,0,0,0,1,0,0,""
977,S,ERp3Lane,,,4,1,0,4,2,3,0,0,0,0,1,0,0,""
981,S,ERp3Carrier,,,4,1,0,4,3,5,0,0,0,0,1,0,0,""
987,S,SRp3CtrlData,,,17,0,0,28,0,7,7,0,0,0,1,0,0,""
1005,S,EOaMActNBIoT,,,4,1,0,4,2,4,0,0,0,0,1,0,0,""
1010,S,EErrcNpdcchStartSFUSSR13,,,4,1,0,4,3,8,0,0,0,0,1,0,0,""
1019,S,EErrcNpdcchNumRepetitionsR13,,,4,1,0,4,4,16,0,0,0,0,1,0,0,""
1036,S,EErrcNpdcchOffsetUSSR13,,,4,1,0,4,2,4,0,0,0,0,1,0,0,""
1041,S,TNpdcchNumRepetitionPagingR13,,,4,0,0,4,0,0,0,0,0,0,0,0,0,""
1042,S,SNpdcchParameters,,,17,0,0,16,0,4,4,0,0,0,1,0,0,""
1047,S,EErrcLogicalChannelSRProhibitTimerR13,,,4,1,0,4,3,8,0,0,0,0,1,0,0,""
1056,S,EErrcRetxBSRTimerNBR13,,,4,1,0,4,3,8,0,0,0,0,1,0,0,""
1065,S,EErrcMaxRetxThresholdR13,,,4,1,0,4,3,8,0,0,0,0,1,0,0,""
1074,S,EErrcTPollRetransmitNBR13,,,4,1,0,4,4,16,0,0,0,0,1,0,0,""
1091,S,EErrcACKNACKNumRepetitionsNBR13,,,4,1,0,4,3,8,0,0,0,0,1,0,0,""
1100,S,SUecNbCoverageSpecificParameters,,,17,0,0,36,0,6,6,0,0,0,1,0,0,""
1107,S,TErrcARFCNValueEUTRAR9,,,5,0,0,4,0,0,0,0,0,0,0,0,0,""
1108,S,EErrcCarrierFreqOffsetR13,,,4,1,0,4,5,21,0,0,0,0,1,0,0,""
1130,S,EErrcNrsPowerOffsetNonAnchorV1330,,,4,1,0,4,3,8,0,0,0,0,1,0,0,""
1139,S,SUecNonAnchorDlSpecificParameters,,,17,0,0,16,0,4,4,0,0,0,1,0,0,""
1144,S,SNbIotParameters,,,17,0,0,256,0,10,12,0,0,0,1,0,0,""
1157,S,TOaMMcc,,,4,0,0,4,0,0,0,0,0,0,0,0,0,""
1158,S,TOaMMnc,,,4,0,0,4,0,0,0,0,0,0,0,0,0,""
1159,S,TOaMMncLength,,,4,0,0,4,0,0,0,0,0,0,0,0,0,""
1160,S,SPrimaryPlmnId,,,17,0,0,12,0,3,3,0,0,0,1,0,0,""
1164,S,TOaMAutoRemovalAllowed,,,4,0,0,4,0,0,0,0,0,0,0,0,0,""
1165,S,EOaMCellReserve,,,4,1,0,4,1,2,0,0,0,0,1,0,0,""
1168,S,SOaMFurtherPlmnIdL,,,17,0,0,20,0,5,5,0,0,0,1,0,0,""
1174,S,SArrayOfOaMFurtherPlmnIdL,,,17,0,0,108,0,3,4,0,0,0,1,0,0,""
1179,S,TOaMLncelTac,,,4,0,0,4,0,0,0,0,0,0,0,0,0,""
1180,S,TQciTabDscp,,,4,0,0,4,0,0,0,0,0,0,0,0,0,""
1181,S,TQciTabPdcpProfId,,,4,0,0,4,0,0,0,0,0,0,0,0,0,""
1182,S,TQciTabPrio,,,4,0,0,4,0,0,0,0,0,0,0,0,0,""
1183,S,TQciTabQci,,,4,0,0,4,0,0,0,0,0,0,0,0,0,""
1184,S,EQciTabSupp,,,4,1,0,4,1,2,0,0,0,0,1,0,0,""
1187,S,EQciTabResType,,,4,1,0,4,2,3,0,0,0,0,1,0,0,""
1191,S,EQciTabRlcMode,,,4,1,0,4,2,3,0,0,0,0,1,0,0,""
1195,S,TQciTabRlcProfId,,,4,0,0,4,0,0,0,0,0,0,0,0,0,""
1196,S,TQciTabSchedulWeight,,,4,0,0,4,0,0,0,0,0,0,0,0,0,""
1197,S,EOaMSchedulType,,,4,1,0,4,1,2,0,0,0,0,1,0,0,""
1200,S,EQciTabLcgid,,,4,1,0,4,2,4,0,0,0,0,1,0,0,""
1205,S,EUecQciTabDelayTarget,,,4,1,0,4,6,41,0,0,0,0,1,0,0,""
1247,S,EQciTabUlsBsd,,,4,1,0,4,3,6,0,0,0,0,1,0,0,""
1254,S,TQciTabUlsPrio,,,4,0,0,4,0,0,0,0,0,0,0,0,0,""
1255,S,EDrxProfileIndex,,,4,1,0,4,7,9,0,0,0,0,1,0,0,""
1265,S,TOaMCounterGroup,,,4,0,0,4,0,0,0,0,0,0,0,0,0,""
1266,S,SQciTabNbrUl,,,17,0,0,8,0,2,2,0,0,0,1,0,0,""
1269,S,SQciTabNbrDl,,,17,0,0,8,0,2,2,0,0,0,1,0,0,""
1272,S,TQciTabMaxGbrDl,,,4,0,0,4,0,0,0,0,0,0,0,0,0,""
1273,S,TQciTabMaxGbrUl,,,4,0,0,4,0,0,0,0,0,0,0,0,0,""
1274,S,TQciTabL2OHFactorDL,,,4,0,0,4,0,0,0,0,0,0,0,0,0,""
1275,S,TQciTabL2OHFactorUL,,,4,0,0,4,0,0,0,0,0,0,0,0,0,""
1276,S,TQciTabEnforceTtiBundling,,,4,0,0,4,0,0,0,0,0,0,0,0,0,""
1277,S,ELteNrDualConnectSupport,,,4,1,0,4,1,2,0,0,0,0,1,0,0,""
1280,S,TNrPdcpProfId,,,4,0,0,4,0,0,0,0,0,0,0,0,0,""
1281,S,SQciTab,,,17,0,0,156,0,37,37,0,0,0,1,0,0,""
1319,S,TAmRlcPbTabUeCategory,,,4,0,0,4,0,0,0,0,0,0,0,0,0,""
1320,S,EAmRlcPbTabPollByte,,,4,1,0,4,4,15,0,0,0,0,1,0,0,""
1336,S,SAmRlcPbTab,,,17,0,0,12,0,3,3,0,0,0,1,0,0,""
1340,S,TOaMDefProfIdxAM,,,4,0,0,4,0,0,0,0,0,0,0,0,0,""
1341,S,TOaMDefProfIdxUM,,,4,0,0,4,0,0,0,0,0,0,0,0,0,""
1342,S,EOaMLnbtsRlcProf1MaxRetxThresh,,,4,1,0,4,6,9,0,0,0,0,1,0,0,""
1352,S,EOaMLnbtsRlcProf1PollPdu,,,4,1,0,4,3,8,0,0,0,0,1,0,0,""
1361,S,TOaMLnbtsRlcProf1RlcProfileId,,,4,0,0,4,0,0,0,0,0,0,0,0,0,""
1362,S,EOaMLnbtsRlcProf1TPollRetr,,,4,1,0,4,6,55,0,0,0,0,1,0,0,""
1418,S,SOaMLnbtsRlcProf1TPollRetr,,,17,0,0,8,0,2,2,0,0,0,1,0,0,""
1421,S,EOaMLnbtsRlcProf1TPollRetrDl,,,4,1,0,4,6,55,0,0,0,0,1,0,0,""
1477,S,SOaMLnbtsRlcProf1TPollRetrDl,,,17,0,0,8,0,2,2,0,0,0,1,0,0,""
1480,S,EOaMLnbtsRlcProf1TPollRetrUl,,,4,1,0,4,6,55,0,0,0,0,1,0,0,""
1536,S,SOaMLnbtsRlcProf1TPollRetrUl,,,17,0,0,8,0,2,2,0,0,0,1,0,0,""
1539,S,EOaMLnbtsRlcProf1TProhib,,,4,1,0,4,6,56,0,0,0,0,1,0,0,""
1596,S,EOaMLnbtsRlcProf1TReord,,,4,1,0,4,5,31,0,0,0,0,1,0,0,""
1628,S,EOaMLnbtsRlcProf1TReordIsca,,,4,1,0,4,5,31,0,0,0,0,1,0,0,""
1660,S,SOaMRlcProf1,,,17,0,0,48,0,9,9,0,0,0,1,0,0,""
1670,S,EOaMLnbtsRlcProf2MaxRetxThresh,,,4,1,0,4,6,9,0,0,0,0,1,0,0,""
1680,S,EOaMLnbtsRlcProf2PollPdu,,,4,1,0,4,3,8,0,0,0,0,1,0,0,""
1689,S,TOaMLnbtsRlcProf2RlcProfileId,,,4,0,0,4,0,0,0,0,0,0,0,0,0,""
1690,S,EOaMLnbtsRlcProf2TPollRetr,,,4,1,0,4,6,55,0,0,0,0,1,0,0,""
1746,S,SOaMLnbtsRlcProf2TPollRetr,,,17,0,0,8,0,2,2,0,0,0,1,0,0,""
1749,S,EOaMLnbtsRlcProf2TPollRetrDl,,,4,1,0,4,6,55,0,0,0,0,1,0,0,""
1805,S,SOaMLnbtsRlcProf2TPollRetrDl,,,17,0,0,8,0,2,2,0,0,0,1,0,0,""
1808,S,EOaMLnbtsRlcProf2TPollRetrUl,,,4,1,0,4,6,55,0,0,0,0,1,0,0,""
1864,S,SOaMLnbtsRlcProf2TPollRetrUl,,,17,0,0,8,0,2,2,0,0,0,1,0,0,""
1867,S,EOaMLnbtsRlcProf2TProhib,,,4,1,0,4,6,56,0,0,0,0,1,0,0,""
1924,S,EOaMLnbtsRlcProf2TReord,,,4,1,0,4,5,31,0,0,0,0,1,0,0,""
1956,S,EOaMLnbtsRlcProf2TReordIsca,,,4,1,0,4,5,31,0,0,0,0,1,0,0,""
1988,S,SOaMRlcProf2,,,17,0,0,48,0,9,9,0,0,0,1,0,0,""
1998,S,EOaMLnbtsRlcProf3MaxRetxThresh,,,4,1,0,4,6,9,0,0,0,0,1,0,0,""
2008,S,EOaMLnbtsRlcProf3PollPdu,,,4,1,0,4,3,8,0,0,0,0,1,0,0,""
2017,S,TOaMLnbtsRlcProf3RlcProfileId,,,4,0,0,4,0,0,0,0,0,0,0,0,0,""
2018,S,EOaMLnbtsRlcProf3TPollRetr,,,4,1,0,4,6,55,0,0,0,0,1,0,0,""
2074,S,SOaMLnbtsRlcProf3TPollRetr,,,17,0,0,8,0,2,2,0,0,0,1,0,0,""
2077,S,EOaMLnbtsRlcProf3TPollRetrDl,,,4,1,0,4,6,55,0,0,0,0,1,0,0,""
2133,S,SOaMLnbtsRlcProf3TPollRetrDl,,,17,0,0,8,0,2,2,0,0,0,1,0,0,""
2136,S,EOaMLnbtsRlcProf3TPollRetrUl,,,4,1,0,4,6,55,0,0,0,0,1,0,0,""
2192,S,SOaMLnbtsRlcProf3TPollRetrUl,,,17,0,0,8,0,2,2,0,0,0,1,0,0,""
2195,S,EOaMLnbtsRlcProf3TProhib,,,4,1,0,4,6,56,0,0,0,0,1,0,0,""
2252,S,EOaMLnbtsRlcProf3TReord,,,4,1,0,4,5,31,0,0,0,0,1,0,0,""
2284,S,EOaMLnbtsRlcProf3TReordIsca,,,4,1,0,4,5,31,0,0,0,0,1,0,0,""
2316,S,SOaMRlcProf3,,,17,0,0,48,0,9,9,0,0,0,1,0,0,""
2326,S,EOaMLnbtsRlcProf4MaxRetxThresh,,,4,1,0,4,6,9,0,0,0,0,1,0,0,""
2336,S,EOaMLnbtsRlcProf4PollPdu,,,4,1,0,4,3,8,0,0,0,0,1,0,0,""
2345,S,TOaMLnbtsRlcProf4RlcProfileId,,,4,0,0,4,0,0,0,0,0,0,0,0,0,""
2346,S,EOaMLnbtsRlcProf4TPollRetr,,,4,1,0,4,6,55,0,0,0,0,1,0,0,""
2402,S,SOaMLnbtsRlcProf4TPollRetr,,,17,0,0,8,0,2,2,0,0,0,1,0,0,""
2405,S,EOaMLnbtsRlcProf4TPollRetrDl,,,4,1,0,4,6,55,0,0,0,0,1,0,0,""
2461,S,SOaMLnbtsRlcProf4TPollRetrDl,,,17,0,0,8,0,2,2,0,0,0,1,0,0,""
2464,S,EOaMLnbtsRlcProf4TPollRetrUl,,,4,1,0,4,6,55,0,0,0,0,1,0,0,""
2520,S,SOaMLnbtsRlcProf4TPollRetrUl,,,17,0,0,8,0,2,2,0,0,0,1,0,0,""
2523,S,EOaMLnbtsRlcProf4TProhib,,,4,1,0,4,6,56,0,0,0,0,1,0,0,""
2580,S,EOaMLnbtsRlcProf4TReord,,,4,1,0,4,5,31,0,0,0,0,1,0,0,""
2612,S,EOaMLnbtsRlcProf4TReordIsca,,,4,1,0,4,5,31,0,0,0,0,1,0,0,""
2644,S,SOaMRlcProf4,,,17,0,0,48,0,9,9,0,0,0,1,0,0,""
2654,S,EOaMLnbtsRlcProf5MaxRetxThresh,,,4,1,0,4,6,9,0,0,0,0,1,0,0,""
2664,S,EOaMLnbtsRlcProf5PollPdu,,,4,1,0,4,3,8,0,0,0,0,1,0,0,""
2673,S,TOaMLnbtsRlcProf5RlcProfileId,,,4,0,0,4,0,0,0,0,0,0,0,0,0,""
2674,S,EOaMLnbtsRlcProf5TPollRetr,,,4,1,0,4,6,55,0,0,0,0,1,0,0,""
2730,S,SOaMLnbtsRlcProf5TPollRetr,,,17,0,0,8,0,2,2,0,0,0,1,0,0,""
2733,S,EOaMLnbtsRlcProf5TPollRetrDl,,,4,1,0,4,6,55,0,0,0,0,1,0,0,""
2789,S,SOaMLnbtsRlcProf5TPollRetrDl,,,17,0,0,8,0,2,2,0,0,0,1,0,0,""
2792,S,EOaMLnbtsRlcProf5TPollRetrUl,,,4,1,0,4,6,55,0,0,0,0,1,0,0,""
2848,S,SOaMLnbtsRlcProf5TPollRetrUl,,,17,0,0,8,0,2,2,0,0,0,1,0,0,""
2851,S,EOaMLnbtsRlcProf5TProhib,,,4,1,0,4,6,56,0,0,0,0,1,0,0,""
2908,S,EOaMLnbtsRlcProf5TReord,,,4,1,0,4,5,31,0,0,0,0,1,0,0,""
2940,S,EOaMLnbtsRlcProf5TReordIsca,,,4,1,0,4,5,31,0,0,0,0,1,0,0,""
2972,S,SOaMRlcProf5,,,17,0,0,48,0,9,9,0,0,0,1,0,0,""
2982,S,EOaMLnbtsRlcProf6MaxRetxThresh,,,4,1,0,4,6,9,0,0,0,0,1,0,0,""
2992,S,EOaMLnbtsRlcProf6PollPdu,,,4,1,0,4,9,9,0,0,0,0,1,0,0,""
3002,S,TOaMLnbtsRlcProf6RlcProfileId,,,4,0,0,4,0,0,0,0,0,0,0,0,0,""
3003,S,EOaMLnbtsRlcProf6TPollRetr,,,4,1,0,4,9,56,0,0,0,0,1,0,0,""
3060,S,SOaMLnbtsRlcProf6TPollRetr,,,17,0,0,8,0,2,2,0,0,0,1,0,0,""
3063,S,EOaMLnbtsRlcProf6TPollRetrDl,,,4,1,0,4,9,56,0,0,0,0,1,0,0,""
3120,S,SOaMLnbtsRlcProf6TPollRetrDl,,,17,0,0,8,0,2,2,0,0,0,1,0,0,""
3123,S,EOaMLnbtsRlcProf6TPollRetrUl,,,4,1,0,4,9,56,0,0,0,0,1,0,0,""
3180,S,SOaMLnbtsRlcProf6TPollRetrUl,,,17,0,0,8,0,2,2,0,0,0,1,0,0,""
3183,S,EOaMLnbtsRlcProf6TProhib,,,4,1,0,4,9,56,0,0,0,0,1,0,0,""
3240,S,EOaMLnbtsRlcProf6TReord,,,4,1,0,4,8,29,0,0,0,0,1,0,0,""
3270,S,EOaMLnbtsRlcProf6TReordIsca,,,4,1,0,4,5,31,0,0,0,0,1,0,0,""
3302,S,SOaMRlcProf6,,,17,0,0,48,0,9,9,0,0,0,1,0,0,""
3312,S,EOaMLnbtsMaxRetxThreNB,,,4,1,0,4,6,9,0,0,0,0,1,0,0,""
3322,S,EOaMLnbtsRlcProf7PollPdu,,,4,1,0,4,9,9,0,0,0,0,1,0,0,""
3332,S,TOaMLnbtsRlcProf7RlcProfileId,,,4,0,0,4,0,0,0,0,0,0,0,0,0,""
3333,S,EOaMLnbtsRlcProf7TPollRetr,,,4,1,0,4,9,56,0,0,0,0,1,0,0,""
3390,S,SOaMLnbtsRlcProf7TPollRetr,,,17,0,0,8,0,2,2,0,0,0,1,0,0,""
3393,S,EOaMLnbtsRlcProf7TPollRetrDl,,,4,1,0,4,9,56,0,0,0,0,1,0,0,""
3450,S,SOaMLnbtsRlcProf7TPollRetrDl,,,17,0,0,8,0,2,2,0,0,0,1,0,0,""
3453,S,EOaMLnbtsRlcProf7TPollRetrUl,,,4,1,0,4,9,56,0,0,0,0,1,0,0,""
3510,S,SOaMLnbtsRlcProf7TPollRetrUl,,,17,0,0,8,0,2,2,0,0,0,1,0,0,""
3513,S,EOaMLnbtsRlcProf7TProhib,,,4,1,0,4,9,56,0,0,0,0,1,0,0,""
3570,S,EOaMLnbtsRlcProf7TReord,,,4,1,0,4,8,29,0,0,0,0,1,0,0,""
3600,S,EOaMLnbtsRlcProf7TReordIsca,,,4,1,0,4,5,31,0,0,0,0,1,0,0,""
3632,S,SOaMRlcProf7,,,17,0,0,48,0,9,9,0,0,0,1,0,0,""
3642,S,SContainerOfOaMRlcProf7,,,17,0,0,52,0,2,2,0,0,0,1,0,0,""
3645,S,TOaMLnbtsRlcProf101RlcProfileId,,,4,0,0,4,0,0,0,0,0,0,0,0,0,""
3646,S,EOaMLnbtsRlcProf101SnFieldLengthDL,,,4,1,0,4,1,2,0,0,0,0,1,0,0,""
3649,S,EOaMLnbtsRlcProf101SnFieldLengthUL,,,4,1,0,4,1,2,0,0,0,0,1,0,0,""
3652,S,EOaMLnbtsRlcProf101TReord,,,4,1,0,4,5,31,0,0,0,0,1,0,0,""
3684,S,SOaMRlcProf101,,,17,0,0,16,0,4,4,0,0,0,1,0,0,""
3689,S,TOaMLnbtsRlcProf102RlcProfileId,,,4,0,0,4,0,0,0,0,0,0,0,0,0,""
3690,S,EOaMLnbtsRlcProf102SnFieldLengthDL,,,4,1,0,4,1,2,0,0,0,0,1,0,0,""
3693,S,EOaMLnbtsRlcProf102SnFieldLengthUL,,,4,1,0,4,1,2,0,0,0,0,1,0,0,""
3696,S,EOaMLnbtsRlcProf102TReord,,,4,1,0,4,5,31,0,0,0,0,1,0,0,""
3728,S,SOaMRlcProf102,,,17,0,0,16,0,4,4,0,0,0,1,0,0,""
3733,S,TOaMLnbtsRlcProf103RlcProfileId,,,4,0,0,4,0,0,0,0,0,0,0,0,0,""
3734,S,EOaMLnbtsRlcProf103SnFieldLengthDL,,,4,1,0,4,1,2,0,0,0,0,1,0,0,""
3737,S,EOaMLnbtsRlcProf103SnFieldLengthUL,,,4,1,0,4,1,2,0,0,0,0,1,0,0,""
3740,S,EOaMLnbtsRlcProf103TReord,,,4,1,0,4,5,31,0,0,0,0,1,0,0,""
3772,S,SOaMRlcProf103,,,17,0,0,16,0,4,4,0,0,0,1,0,0,""
3777,S,TOaMLnbtsRlcProf104RlcProfileId,,,4,0,0,4,0,0,0,0,0,0,0,0,0,""
3778,S,EOaMLnbtsRlcProf104SnFieldLengthDL,,,4,1,0,4,1,2,0,0,0,0,1,0,0,""
3781,S,EOaMLnbtsRlcProf104SnFieldLengthUL,,,4,1,0,4,1,2,0,0,0,0,1,0,0,""
3784,S,EOaMLnbtsRlcProf104TReord,,,4,1,0,4,5,31,0,0,0,0,1,0,0,""
3816,S,SOaMRlcProf104,,,17,0,0,16,0,4,4,0,0,0,1,0,0,""
3821,S,SRlcProf,,,17,0,0,404,0,11,11,0,0,0,1,0,0,""
3833,S,TOaMLnbtsPdcpProf1PdcpProfileId,,,4,0,0,4,0,0,0,0,0,0,0,0,0,""
3834,S,EOaMLnbtsPdcpProf1SnSize,,,4,1,0,4,2,3,0,0,0,0,1,0,0,""
3838,S,SOaMLnbtsPdcpProf1SnSize,,,17,0,0,8,0,2,2,0,0,0,1,0,0,""
3841,S,SOaMLnbtsPdcpProf1StatusRepReq,,,17,0,0,2,0,2,2,0,0,0,1,0,0,""
3844,S,EOaMLnbtsPdcpProf1TDiscard,,,4,1,0,4,3,8,0,0,0,0,1,0,0,""
3853,S,SOaMPdcpProf1,,,17,0,0,20,0,5,5,0,0,0,1,0,0,""
3859,S,TOaMLnbtsPdcpProf2PdcpProfileId,,,4,0,0,4,0,0,0,0,0,0,0,0,0,""
3860,S,EOaMLnbtsPdcpProf2SnSize,,,4,1,0,4,2,3,0,0,0,0,1,0,0,""
3864,S,SOaMLnbtsPdcpProf2SnSize,,,17,0,0,8,0,2,2,0,0,0,1,0,0,""
3867,S,SOaMLnbtsPdcpProf2StatusRepReq,,,17,0,0,2,0,2,2,0,0,0,1,0,0,""
3870,S,EOaMLnbtsPdcpProf2TDiscard,,,4,1,0,4,3,5,0,0,0,0,1,0,0,""
3876,S,SOaMPdcpProf2,,,17,0,0,20,0,5,5,0,0,0,1,0,0,""
3882,S,TOaMLnbtsPdcpProf3PdcpProfileId,,,4,0,0,4,0,0,0,0,0,0,0,0,0,""
3883,S,EOaMLnbtsPdcpProf3SnSize,,,4,1,0,4,2,3,0,0,0,0,1,0,0,""
3887,S,SOaMLnbtsPdcpProf3SnSize,,,17,0,0,8,0,2,2,0,0,0,1,0,0,""
3890,S,SOaMLnbtsPdcpProf3StatusRepReq,,,17,0,0,2,0,2,2,0,0,0,1,0,0,""
3893,S,EOaMLnbtsPdcpProf3TDiscard,,,4,1,0,4,3,5,0,0,0,0,1,0,0,""
3899,S,SOaMPdcpProf3,,,17,0,0,20,0,5,5,0,0,0,1,0,0,""
3905,S,TOaMLnbtsPdcpProf4PdcpProfileId,,,4,0,0,4,0,0,0,0,0,0,0,0,0,""
3906,S,EOaMLnbtsPdcpProf4SnSize,,,4,1,0,4,2,3,0,0,0,0,1,0,0,""
3910,S,SOaMLnbtsPdcpProf4SnSize,,,17,0,0,8,0,2,2,0,0,0,1,0,0,""
3913,S,SOaMLnbtsPdcpProf4StatusRepReq,,,17,0,0,2,0,2,2,0,0,0,1,0,0,""
3916,S,EOaMLnbtsPdcpProf4TDiscard,,,4,1,0,4,3,5,0,0,0,0,1,0,0,""
3922,S,SOaMPdcpProf4,,,17,0,0,20,0,5,5,0,0,0,1,0,0,""
3928,S,TOaMLnbtsPdcpProf5PdcpProfileId,,,4,0,0,4,0,0,0,0,0,0,0,0,0,""
3929,S,EOaMLnbtsPdcpProf5SnSize,,,4,1,0,4,2,3,0,0,0,0,1,0,0,""
3933,S,SOaMLnbtsPdcpProf5SnSize,,,17,0,0,8,0,2,2,0,0,0,1,0,0,""
3936,S,SOaMLnbtsPdcpProf5StatusRepReq,,,17,0,0,2,0,2,2,0,0,0,1,0,0,""
3939,S,EOaMLnbtsPdcpProf5TDiscard,,,4,1,0,4,3,5,0,0,0,0,1,0,0,""
3945,S,SOaMPdcpProf5,,,17,0,0,20,0,5,5,0,0,0,1,0,0,""
3951,S,TOaMLnbtsPdcpProf101PdcpProfileId,,,4,0,0,4,0,0,0,0,0,0,0,0,0,""
3952,S,TOaMRohcMaxCid,,,4,0,0,4,0,0,0,0,0,0,0,0,0,""
3953,S,EOaMLnbtsPdcpProf101SnSize,,,4,1,0,4,1,2,0,0,0,0,1,0,0,""
3956,S,EOaMLnbtsPdcpProf101TDiscard,,,4,1,0,4,3,7,0,0,0,0,1,0,0,""
3964,S,SOaMPdcpProf101,,,17,0,0,16,0,4,4,0,0,0,1,0,0,""
3969,S,TOaMLnbtsPdcpProf102PdcpProfileId,,,4,0,0,4,0,0,0,0,0,0,0,0,0,""
3970,S,EOaMLnbtsPdcpProf102SnSize,,,4,1,0,4,1,2,0,0,0,0,1,0,0,""
3973,S,EOaMLnbtsPdcpProf102TDiscard,,,4,1,0,4,3,7,0,0,0,0,1,0,0,""
3981,S,SOaMPdcpProf102,,,17,0,0,12,0,3,3,0,0,0,1,0,0,""
3985,S,TOaMLnbtsPdcpProf103PdcpProfileId,,,4,0,0,4,0,0,0,0,0,0,0,0,0,""
3986,S,EOaMLnbtsPdcpProf103SnSize,,,4,1,0,4,1,2,0,0,0,0,1,0,0,""
3989,S,EOaMLnbtsPdcpProf103TDiscard,,,4,1,0,4,3,8,0,0,0,0,1,0,0,""
3998,S,SOaMPdcpProf103,,,17,0,0,12,0,3,3,0,0,0,1,0,0,""
4002,S,TOaMLnbtsPdcpProf104PdcpProfileId,,,4,0,0,4,0,0,0,0,0,0,0,0,0,""
4003,S,EOaMLnbtsPdcpProf104SnSize,,,4,1,0,4,1,2,0,0,0,0,1,0,0,""
4006,S,EOaMLnbtsPdcpProf104TDiscard,,,4,1,0,4,3,5,0,0,0,0,1,0,0,""
4012,S,SOaMPdcpProf104,,,17,0,0,12,0,3,3,0,0,0,1,0,0,""
4016,S,TOaMLnbtsPdcpProf1001PdcpProfileId,,,4,0,0,4,0,0,0,0,0,0,0,0,0,""
4017,S,EOaMSnSizeDl,,,4,1,0,4,2,2,0,0,0,0,1,0,0,""
4020,S,EOaMSnSizeUl,,,4,1,0,4,2,2,0,0,0,0,1,0,0,""
4023,S,SOaMLnbtsPdcpProf1001StatusRepReq,,,17,0,0,2,0,2,2,0,0,0,1,0,0,""
4026,S,EOaMLnbtsPdcpProf1001TDiscard,,,4,1,0,4,11,16,0,0,0,0,1,0,0,""
4043,S,SOaMPdcpProf1001,,,17,0,0,20,0,6,6,0,0,0,1,0,0,""
4050,S,TOaMTagMarginAM,,,4,0,0,4,0,0,0,0,0,0,0,0,0,""
4051,S,TOaMTagMaxAM,,,4,0,0,4,0,0,0,0,0,0,0,0,0,""
4052,S,TOaMTagMarginUM,,,4,0,0,4,0,0,0,0,0,0,0,0,0,""
4053,S,TOaMTagMaxUM,,,4,0,0,4,0,0,0,0,0,0,0,0,0,""
4054,S,SPdcpProf,,,17,0,0,192,0,15,15,0,0,0,1,0,0,""
4070,S,TOaMKeyRefrMarg,,,4,0,0,4,0,0,0,0,0,0,0,0,0,""
4071,S,TOaMActCiphering,,,4,0,0,4,0,0,0,0,0,0,0,0,0,""
4072,S,TOaMActZUC,,,4,0,0,4,0,0,0,0,0,0,0,0,0,""
4073,S,TOaMNullFallback,,,4,0,0,4,0,0,0,0,0,0,0,0,0,""
4074,S,TOaMEea0,,,4,0,0,4,0,0,0,0,0,0,0,0,0,""
4075,S,TOaMEea1,,,4,0,0,4,0,0,0,0,0,0,0,0,0,""
4076,S,TOaMEea2,,,4,0,0,4,0,0,0,0,0,0,0,0,0,""
4077,S,TOaMEea3,,,4,0,0,4,0,0,0,0,0,0,0,0,0,""
4078,S,SOaMCipherPrefL,,,17,0,0,16,0,4,4,0,0,0,1,0,0,""
4083,S,TOaMEia0,,,4,0,0,4,0,0,0,0,0,0,0,0,0,""
4084,S,TOaMEia1,,,4,0,0,4,0,0,0,0,0,0,0,0,0,""
4085,S,TOaMEia2,,,4,0,0,4,0,0,0,0,0,0,0,0,0,""
4086,S,TOaMEia3,,,4,0,0,4,0,0,0,0,0,0,0,0,0,""
4087,S,SOaMIntegrityPrefL,,,17,0,0,16,0,4,4,0,0,0,1,0,0,""
4092,S,SSecurity,,,17,0,0,48,0,6,6,0,0,0,1,0,0,""
4099,S,TOaMInactivityTimer,,,4,0,0,4,0,0,0,0,0,0,0,0,0,""
4100,S,TOaMTExtendedWait,,,4,0,0,4,0,0,0,0,0,0,0,0,0,""
4101,S,TOaMHarqMaxTrDl,,,4,0,0,4,0,0,0,0,0,0,0,0,0,""
4102,S,EOaMHarqMaxTxUl,,,4,1,0,4,5,15,0,0,0,0,1,0,0,""
4118,S,SDefaultUserInfoMac,,,17,0,0,8,0,2,2,0,0,0,1,0,0,""
4121,S,TOaMActS1OlHandling,,,4,0,0,4,0,0,0,0,0,0,0,0,0,""
4122,S,TOaMActOptMmeSelection,,,4,0,0,4,0,0,0,0,0,0,0,0,0,""
4123,S,EOverloadThreshold,,,4,1,0,4,2,3,0,0,0,0,1,0,0,""
4127,S,SOvlHandlingParams,,,17,0,0,16,0,8,8,0,0,0,1,0,0,""
4136,S,TOaMLncelPhyCellId,,,4,0,0,4,0,0,0,0,0,0,0,0,0,""
4137,S,TOaMActMFBI,,,4,0,0,4,0,0,0,0,0,0,0,0,0,""
4138,S,TOaMMfbiPrId,,,4,0,0,4,0,0,0,0,0,0,0,0,0,""
4139,S,TOaMEutraCarrierFreq,,,4,0,0,4,0,0,0,0,0,0,0,0,0,""
4140,S,TOaMAddFreqBandInd,,,4,0,0,4,0,0,0,0,0,0,0,0,0,""
4141,S,SOaMAddSpectrEmissReq,,,17,0,0,8,0,2,2,0,0,0,1,0,0,""
4144,S,EOaMFreqBandIndPrio,,,4,1,0,4,1,2,0,0,0,0,1,0,0,""
4147,S,SUecMfbipr,,,17,0,0,24,0,5,5,0,0,0,1,0,0,""
4153,S,SUecMfbi,,,17,0,0,776,0,3,4,0,0,0,1,0,0,""
4158,S,EOaMT310NB,,,4,1,0,4,13,7,0,0,0,0,1,0,0,""
4166,S,TOaMTHalfRrcConNB,,,4,0,0,4,0,0,0,0,0,0,0,0,0,""
4218,S,EFileId,,,4,1,0,4,7,81,0,0,0,0,1,0,0,""
4285,C,EFileId,EFileId_LSP_OS,,4,7,0,0,0,21,66,0,0,1,0,0,0,""
4289,C,EFileId,EFileId_LCP_A_OS,,4,7,0,0,0,17,70,0,0,1,0,0,0,""
4290,C,EFileId,EFileId_LCP_S_OS,,4,7,0,0,0,16,71,0,0,1,0,0,0,""
4300,S,SFwInfo,,,17,0,0,16,0,4,4,0,0,0,1,0,0,""
4327,S,EPostCase,,,4,1,0,4,6,34,0,0,0,0,1,0,0,""
4362,S,EPostState,,,4,1,0,4,32,3,0,0,0,0,1,0,0,""
4366,S,SPost,,,17,0,0,8,0,2,2,0,0,0,1,0,0,""
4377,S,EShellDisplayOption,,,4,1,0,4,3,6,0,0,0,0,1,0,0,""
4392,S,ECALinkType,,,4,1,0,4,3,5,0,0,0,0,1,0,0,""
4425,S,TRbIndex,,,4,0,0,4,0,0,0,0,0,0,0,0,0,""
4426,S,TSessionIndex,,,2,0,0,2,0,0,0,0,0,0,0,0,0,""
4427,S,ERlcDataSendRespCause,,,4,1,0,4,3,7,0,0,0,0,1,0,0,""
4435,S,TUeId,,,4,0,0,4,0,0,0,0,0,0,0,0,0,""
4436,S,TRadioBearerId,,,4,0,0,4,0,0,0,0,0,0,0,0,0,""
4437,S,TPacketId,,,4,0,0,4,0,0,0,0,0,0,0,0,0,""
4438,S,SRbUePacketId,,,17,0,0,24,0,6,6,0,0,0,1,0,0,""
4445,S,SRbIndexUePacketId,,,17,0,0,40,0,7,7,0,0,0,1,0,0,""
4461,S,TStepGC,,,7,0,0,4,0,0,0,0,0,0,0,0,0,""
4465,S,EMeasurementGroupTypeWmp,,,4,1,0,4,4,15,0,0,0,0,1,0,0,""
4487,S,ETestModelId,,,4,1,0,4,11,17,0,0,0,0,1,0,0,""
4505,S,TLocalCellResId,,,4,0,0,4,0,0,0,0,0,0,0,0,0,""
4506,S,TPhyCellId,,,4,0,0,4,0,0,0,0,0,0,0,0,0,""
4507,S,TOaMPMax,,,4,0,0,4,0,0,0,0,0,0,0,0,0,""
4508,S,TResourceBlock,,,4,0,0,4,0,0,0,0,0,0,0,0,0,""
4509,S,EOaMGuardbandIndexDL,,,4,1,0,4,15,7,0,0,0,0,1,0,0,""
4517,S,TBoardId,,,4,0,0,4,0,0,0,0,0,0,0,0,0,""
4518,S,TCpuId,,,4,0,0,4,0,0,0,0,0,0,0,0,0,""
4519,S,TCpId,,,4,0,0,4,0,0,0,0,0,0,0,0,0,""
4520,S,TCarrierResourceId,,,14,0,0,16,0,16,0,0,0,0,1,0,0,""
4522,S,SAntennaData,,,17,0,0,32,0,5,5,0,0,0,1,0,0,""
4528,S,SRxAntennaMapping,,,17,0,0,8,0,2,2,0,0,0,1,0,0,""
4531,S,TRxPowerScaling,,,4,0,0,4,0,0,0,0,0,0,0,0,0,""
4532,S,STxAntennaMapping,,,17,0,0,8,0,2,2,0,0,0,1,0,0,""
4535,S,TTxPowerScaling,,,4,0,0,4,0,0,0,0,0,0,0,0,0,""
4536,S,TBooleanU8,,,0,0,0,1,0,0,0,0,0,0,0,0,0,""
4537,S,SMdtxPaAddress,,,17,0,0,20,0,7,7,0,0,0,1,0,0,""
4545,S,SMdtxPaConfig,,,17,0,0,248,0,3,4,0,0,0,1,0,0,""
4550,S,TAmountOfSlots,,,4,0,0,4,0,0,0,0,0,0,0,0,0,""
4551,S,TLowestSlot,,,4,0,0,4,0,0,0,0,0,0,0,0,0,""
4552,S,SCellSlotConf,,,17,0,0,16,0,4,4,0,0,0,1,0,0,""
4557,S,EUlResourceConfiguration,,,4,1,0,4,1,2,0,0,0,0,1,0,0,""
4560,S,SSectorBfWeightforAntenna,,,17,0,0,4,0,2,2,0,0,0,1,0,0,""
4563,S,SCalibrationCompensation,,,17,0,0,4,0,2,2,0,0,0,1,0,0,""
4566,S,SSectorAntennaInfo,,,17,0,0,20,0,5,5,0,0,0,1,0,0,""
4572,S,SCellSectorInfo,,,17,0,0,376,0,9,10,0,0,0,1,0,0,""
4583,S,SCellConfiguration,,,17,0,0,2912,0,36,40,0,0,0,1,0,0,""
4624,S,ELaaPatternId,,,4,1,0,4,2,3,0,0,0,0,1,0,0,""
4661,S,TUeIndexL3,,,2,0,0,2,0,0,0,0,0,0,0,0,0,""
4671,S,Api_header,,,17,0,0,16,0,10,10,0,0,0,1,0,0,""
4686,S,TOaMLnBtsId,,,4,0,0,4,0,0,0,0,0,0,0,0,0,""
4687,S,ELinkLatencyIndicator,,,4,1,0,4,1,2,0,0,0,0,1,0,0,""
4696,S,EEthStatus,,,4,1,0,4,4,5,0,0,0,0,1,0,0,""
4702,S,TRegContent,,,4,0,0,4,0,0,0,0,0,0,0,0,0,""
4703,S,TRegAddr,,,4,0,0,4,0,0,0,0,0,0,0,0,0,""
4710,S,EState,,,4,1,0,4,1,2,0,0,0,0,1,0,0,""
4727,S,ESyncFrameCounterId,,,4,1,0,4,2,4,0,0,0,0,1,0,0,""
4732,S,EFrameSyncMode,,,4,1,0,4,2,4,0,0,0,0,1,0,0,""
4737,S,TSyncFrameTimeRef,,,4,0,0,4,0,0,0,0,0,0,0,0,0,""
4738,S,SSyncFrameTimeRef,,,17,0,0,28,0,7,7,0,0,0,1,0,0,""
4746,S,TSyncFrameTimeStamp,,,4,0,0,4,0,0,0,0,0,0,0,0,0,""
4747,S,SSyncFrameTimeStamp,,,17,0,0,8,0,2,2,0,0,0,1,0,0,""
4750,S,TSyncFrameCounterValue,,,4,0,0,4,0,0,0,0,0,0,0,0,0,""
4751,S,SSyncFrameCounterValue,,,17,0,0,8,0,2,2,0,0,0,1,0,0,""
4766,S,EControlUnitType,,,4,1,0,4,4,10,0,0,0,0,1,0,0,""
4777,S,TNumberOfPresence,,,4,0,0,4,0,0,0,0,0,0,0,0,0,""
4778,S,EBoolean,,,4,1,0,4,1,2,0,0,0,0,1,0,0,""
4781,S,TChannelId,,,4,0,0,4,0,0,0,0,0,0,0,0,0,""
4782,S,TNbapAlarm,,,4,0,0,4,0,0,0,0,0,0,0,0,0,""
4783,S,ELinkState,,,4,1,0,4,2,4,0,0,0,0,1,0,0,""
4788,S,TTransportPathIdentifier,,,4,0,0,4,0,0,0,0,0,0,0,0,0,""
4789,S,TTransportIdentifier,,,4,0,0,4,0,0,0,0,0,0,0,0,0,""
4790,S,STransportEndPoint,,,17,0,0,8,0,2,2,0,0,0,1,0,0,""
4793,S,TMcuNumber,,,0,0,0,1,0,0,0,0,0,0,0,0,0,""
4794,S,EAalType,,,4,1,0,4,3,3,0,0,0,0,1,0,0,""
4798,S,EAal2UpUsage,,,4,1,0,4,3,7,0,0,0,0,1,0,0,""
4806,S,EServiceCategory,,,4,1,0,4,3,4,0,0,0,0,1,0,0,""
4811,S,TAtmCellRate,,,4,0,0,4,0,0,0,0,0,0,0,0,0,""
4812,S,TMillisecond,,,4,0,0,4,0,0,0,0,0,0,0,0,0,""
4813,S,EConformanceDefinition,,,4,1,0,4,2,3,0,0,0,0,1,0,0,""
4817,S,STrafficParameters,,,17,0,0,16,0,4,4,0,0,0,1,0,0,""
4822,S,TVpi,,,0,0,0,1,0,0,0,0,0,0,0,0,0,""
4823,S,TVci,,,2,0,0,2,0,0,0,0,0,0,0,0,0,""
4824,S,TPathId,,,4,0,0,4,0,0,0,0,0,0,0,0,0,""
4825,S,SDccAesaFormat,,,17,0,0,20,0,1,2,0,0,0,1,0,0,""
4828,S,SIcdAesaFormat,,,17,0,0,20,0,1,2,0,0,0,1,0,0,""
4831,S,SE164AesaFormat,,,17,0,0,20,0,1,2,0,0,0,1,0,0,""
4834,S,SLocalAesaFormat,,,17,0,0,20,0,1,2,0,0,0,1,0,0,""
4837,S,UAesa,,,18,0,0,20,0,4,4,0,0,0,1,0,0,""
4842,S,EProtocolType,,,4,1,0,4,4,9,0,0,0,0,1,0,0,""
4852,S,ESaalUsage,,,4,1,0,4,2,3,0,0,0,0,1,0,0,""
4856,S,TMtuSize,,,4,0,0,4,0,0,0,0,0,0,0,0,0,""
4857,S,EHeaderFormat,,,4,1,0,4,3,5,0,0,0,0,1,0,0,""
4863,S,SProtocolDescriptor,,,17,0,0,16,0,4,4,0,0,0,1,0,0,""
4868,S,EConnectionName,,,4,1,0,4,5,21,0,0,0,0,1,0,0,""
4887,C,EConnectionName,EConnectionName_AAL2S,,4,7,0,0,0,3,18,0,0,1,0,0,0,""
4890,S,SConnection,,,17,0,0,88,0,13,13,0,0,0,1,0,0,""
4904,S,EAal2PathType,,,4,1,0,4,2,4,0,0,0,0,1,0,0,""
4909,S,SConnRec,,,17,0,0,132,0,10,10,0,0,0,1,0,0,""
4926,S,TSfn,,,4,0,0,4,0,0,0,0,0,0,0,0,0,""
4927,S,TBrowserContextId,,,4,0,0,4,0,0,0,0,0,0,0,0,0,""
4928,S,TBrowserProcedureId,,,4,0,0,4,0,0,0,0,0,0,0,0,0,""
4929,S,TBitMap,,,4,0,0,4,0,0,0,0,0,0,0,0,0,""
4943,S,STestIfTestCase,,,17,0,0,76,0,4,5,0,0,0,1,0,0,""
4956,S,SLteRadioHeadResult,,,17,0,0,16,0,2,2,0,0,0,1,0,0,""
4965,S,EOptLink,,,4,1,0,4,12,8,0,0,0,0,1,0,0,""
4974,S,TElasticBufferFillLevel,,,4,0,0,4,0,0,0,0,0,0,0,0,0,""
4985,S,SduDataPool,,,17,0,0,12,0,3,3,0,0,0,1,0,0,""
5012,S,EHwapiResetServiceStatus,,,4,1,0,4,3,5,0,0,0,0,1,0,0,""
5022,S,EOicEthMode,,,4,1,0,4,2,3,0,0,0,0,1,0,0,""
5030,S,ECpriLink,,,4,1,0,4,16,466,0,0,0,0,1,0,0,""
5502,S,TUeGroup,,,4,0,0,4,0,0,0,0,0,0,0,0,0,""
5503,S,EHandoverType,,,4,1,0,4,5,30,0,0,0,0,1,0,0,""
5534,S,TPucchResourceIndex,,,4,0,0,4,0,0,0,0,0,0,0,0,0,""
5535,S,ESrPeriod,,,4,1,0,4,3,5,0,0,0,0,1,0,0,""
5541,S,TSrOffset,,,4,0,0,4,0,0,0,0,0,0,0,0,0,""
5542,S,TUeSetupParamsConfigId,,,4,0,0,4,0,0,0,0,0,0,0,0,0,""
5543,S,TOaMSrProhibitTimerCatM,,,4,0,0,4,0,0,0,0,0,0,0,0,0,""
5544,S,SUeSetupParams,,,17,0,0,32,0,8,8,0,0,0,1,0,0,""
5553,S,EDiscUWmpDcmUserContainer,,,4,1,0,4,1,2,0,0,0,0,1,0,0,""
5556,S,TOaMCqiAperPollT,,,4,0,0,4,0,0,0,0,0,0,0,0,0,""
5557,S,TOaMCqiAperEnable,,,4,0,0,4,0,0,0,0,0,0,0,0,0,""
5558,S,SCqiParamsWmp,,,17,0,0,12,0,3,3,0,0,0,1,0,0,""
5562,S,THarqMaxTrUl,,,4,0,0,4,0,0,0,0,0,0,0,0,0,""
5563,S,ETmSupportIndicator,,,4,1,0,4,2,4,0,0,0,0,1,0,0,""
5568,S,EMeasGapOffset,,,4,1,0,4,2,3,0,0,0,0,1,0,0,""
5572,S,TMeasGapOffset,,,4,0,0,4,0,0,0,0,0,0,0,0,0,""
5573,S,TOaMAnrUtraInactivityTimer,,,4,0,0,4,0,0,0,0,0,0,0,0,0,""
5574,S,ETInactiveUtraAnrAction,,,4,1,0,4,2,3,0,0,0,0,1,0,0,""
5578,S,TDedicRaPreExpT,,,4,0,0,4,0,0,0,0,0,0,0,0,0,""
5579,S,TCellResourceGroupId,,,4,0,0,4,0,0,0,0,0,0,0,0,0,""
5580,S,EMaxNumOfLayers,,,4,1,0,4,4,5,0,0,0,0,1,0,0,""
5586,S,STargetBLER,,,17,0,0,12,0,3,3,0,0,0,1,0,0,""
5590,S,SThroughputThresholdMonitoring,,,17,0,0,12,0,3,3,0,0,0,1,0,0,""
5594,S,TConfigId,,,4,0,0,4,0,0,0,0,0,0,0,0,0,""
5595,S,EUlSpsNumEmptyTransmissions,,,4,1,0,4,4,5,0,0,0,0,1,0,0,""
5601,S,TP0NomPuschSps,,,5,0,0,4,0,0,0,0,0,0,0,0,0,""
5602,S,EAmrWbNb,,,4,1,0,4,1,2,0,0,0,0,1,0,0,""
5605,S,SUlSpsConfigDedicated,,,17,0,0,12,0,3,3,0,0,0,1,0,0,""
5609,S,SSidelinkConfigUe,,,17,0,0,12,0,3,3,0,0,0,1,0,0,""
5613,S,SNbUeParams,,,17,0,0,4,0,1,1,0,0,0,1,0,0,""
5615,S,SWmpUserContainer,,,17,0,0,216,0,42,42,0,0,0,1,0,0,""
5658,S,TCellIdDcm,,,2,0,0,2,0,0,0,0,0,0,0,0,0,""
5659,S,SSCellsParams,,,17,0,0,4,0,2,2,0,0,0,1,0,0,""
5662,S,TTpcPdcchStartOffsetDcm,,,2,0,0,2,0,0,0,0,0,0,0,0,0,""
5663,S,ETpcPdcchPeriodicityDcm,,,4,1,0,4,11,11,0,0,0,0,1,0,0,""
5675,S,STpcPdcchForPucchParamsDlDcm,,,17,0,0,8,0,3,3,0,0,0,1,0,0,""
5679,S,ECallTypeDcm,,,4,1,0,4,2,3,0,0,0,0,1,0,0,""
5683,S,TUeInactivityTimerDcm,,,4,0,0,4,0,0,0,0,0,0,0,0,0,""
5684,S,TPayloadSizeDcm,,,4,0,0,4,0,0,0,0,0,0,0,0,0,""
5685,S,TLcpDcm,,,2,0,0,2,0,0,0,0,0,0,0,0,0,""
5686,S,TP0UePucchDcm,,,2,0,0,2,0,0,0,0,0,0,0,0,0,""
5687,S,SDlDcmMacPsContainerUSDcm,,,17,0,0,44,0,12,13,0,0,0,1,0,0,""
5701,S,STpcPdcchForPuschParamsUlDcm,,,17,0,0,8,0,3,3,0,0,0,1,0,0,""
5705,S,TLcgDcm,,,2,0,0,2,0,0,0,0,0,0,0,0,0,""
5706,S,TTxPowerAbsoluteDcm,,,2,0,0,2,0,0,0,0,0,0,0,0,0,""
5707,S,TMaxNumHarqRetransmissionsUlSchDcm,,,2,0,0,2,0,0,0,0,0,0,0,0,0,""
5708,S,TP0UePuschDcm,,,2,0,0,2,0,0,0,0,0,0,0,0,0,""
5709,S,TPathlossThDcm,,,2,0,0,2,0,0,0,0,0,0,0,0,0,""
5710,S,TPeriodicGrantIdxStsDCM,,,2,0,0,2,0,0,0,0,0,0,0,0,0,""
5711,S,SUlDcmMacPsContainerUSDcm,,,17,0,0,48,0,17,17,0,0,0,1,0,0,""
5729,S,SDcmUserContainerDcm,,,17,0,0,92,0,2,2,0,0,0,1,0,0,""
5730,F,SDcmUserContainerDcm,dlDcmMacPsContainerUS,SDlDcmMacPsContainerUSDcm,17,0,0,44,0,12,0,0,0,1,1,0,5687,""
5731,F,SDcmUserContainerDcm,ulDcmMacPsContainerUS,SUlDcmMacPsContainerUSDcm,17,0,44,48,0,17,0,0,0,1,1,0,5711,""
5732,S,UInnerUWmpDcmUserContainer,,,18,0,0,216,0,2,2,0,0,0,1,0,0,""
5735,S,UWmpDcmUserContainer,,,17,0,0,220,0,2,2,0,0,0,1,0,0,""